Country;Salesperson;Order Date;OrderID;Order Amount
UK;Suyama;10/07/2003;10249;1863,40
USA;Peacock;11/07/2003;10252;3597,90
USA;Peacock;12/07/2003;10250;1552,60
UK;Dodsworth;15/07/2003;10255;2490,50
USA;Leverling;15/07/2003;10251;654,06
UK;Buchanan;16/07/2003;10248;440,00
USA;Leverling;16/07/2003;10253;1444,80
USA;Leverling;17/07/2003;10256;517,80
USA;Peacock;22/07/2003;10257;1119,90
UK;Buchanan;23/07/2003;10254;556,62
USA;Davolio;23/07/2003;10258;1614,88
USA;Callahan;25/07/2003;10262;584,00
USA;Peacock;25/07/2003;10259;100,80
USA;Peacock;29/07/2003;10260;1504,65
USA;Peacock;30/07/2003;10261;448,00
UK;Dodsworth;31/07/2003;10263;1873,80
USA;Leverling;31/07/2003;10266;346,56
USA;Callahan;02/08/2003;10268;1101,20
USA;Davolio;02/08/2003;10270;1376,00
USA;Peacock;06/08/2003;10267;3536,60
UK;Suyama;06/08/2003;10272;1456,00
UK;Buchanan;09/08/2003;10269;642,20
USA;Davolio;09/08/2003;10275;291,84
USA;Fuller;12/08/2003;10265;1176,00
USA;Leverling;12/08/2003;10273;2037,28
USA;Fuller;13/08/2003;10277;1200,80
USA;Callahan;14/08/2003;10276;420,00
USA;Callahan;16/08/2003;10278;1488,80
USA;Callahan;16/08/2003;10279;351,00
UK;Suyama;16/08/2003;10274;538,60
USA;Peacock;21/08/2003;10281;86,50
USA;Peacock;21/08/2003;10282;155,40
USA;Leverling;23/08/2003;10283;1414,80
UK;Suyama;23/08/2003;10264;695,62
USA;Davolio;26/08/2003;10285;1743,36
USA;Peacock;27/08/2003;10284;1170,37
USA;Callahan;28/08/2003;10287;819,00
UK;King;28/08/2003;10289;479,40
USA;Callahan;30/08/2003;10286;3016,00
UK;Suyama;30/08/2003;10271;48,00
USA;Davolio;02/09/2003;10292;1296,00
USA;Callahan;03/09/2003;10290;2169,00
USA;Peacock;03/09/2003;10288;80,10
UK;Suyama;04/09/2003;10291;497,52
USA;Peacock;05/09/2003;10294;1887,60
UK;Buchanan;10/09/2003;10297;1420,00
USA;Fuller;10/09/2003;10295;121,60
USA;Davolio;11/09/2003;10293;848,70
UK;Suyama;11/09/2003;10296;1050,60
UK;Suyama;11/09/2003;10298;2645,00
USA;Fuller;12/09/2003;10280;613,20
USA;Peacock;13/09/2003;10299;349,50
USA;Callahan;17/09/2003;10301;755,00
USA;Davolio;17/09/2003;10304;954,40
USA;Fuller;18/09/2003;10300;608,00
UK;King;18/09/2003;10303;1117,80
USA;Davolio;23/09/2003;10306;498,50
UK;King;24/09/2003;10308;88,80
USA;Fuller;25/09/2003;10307;424,00
USA;Davolio;26/09/2003;10311;268,80
USA;Callahan;27/09/2003;10310;336,00
USA;Fuller;03/10/2003;10312;1614,80
USA;Peacock;03/10/2003;10315;516,80
USA;Callahan;04/10/2003;10318;240,40
USA;Davolio;04/10/2003;10314;2094,30
USA;Fuller;04/10/2003;10313;182,40
USA;Davolio;08/10/2003;10316;2835,00
USA;Callahan;09/10/2003;10305;3741,30
USA;Peacock;09/10/2003;10302;2708,80
UK;Dodsworth;10/10/2003;10324;5275,71
UK;Suyama;10/10/2003;10317;288,00
UK;King;11/10/2003;10319;1191,20
USA;Leverling;11/10/2003;10321;144,00
USA;Davolio;14/10/2003;10325;1497,00
USA;Fuller;14/10/2003;10327;1810,00
USA;Peacock;14/10/2003;10323;164,40
USA;Peacock;14/10/2003;10326;982,00
USA;Peacock;17/10/2003;10328;1168,00
UK;Buchanan;18/10/2003;10320;516,00
UK;Dodsworth;21/10/2003;10331;88,50
USA;Leverling;21/10/2003;10332;1786,88
UK;King;23/10/2003;10322;112,00
USA;Leverling;23/10/2003;10309;1762,00
USA;Peacock;23/10/2003;10329;4578,43
UK;King;24/10/2003;10335;2036,16
UK;Buchanan;25/10/2003;10333;877,20
UK;King;25/10/2003;10336;285,12
USA;Callahan;28/10/2003;10334;144,80
USA;Leverling;28/10/2003;10330;1649,00
USA;Peacock;29/10/2003;10337;2467,00
USA;Peacock;29/10/2003;10338;934,50
USA;Fuller;04/11/2003;10339;3354,00
USA;Peacock;04/11/2003;10342;1840,64
UK;King;05/11/2003;10341;352,60
USA;Peacock;05/11/2003;10344;2296,00
USA;Peacock;06/11/2003;10343;1584,00
USA;Davolio;08/11/2003;10340;2436,18
USA;Leverling;08/11/2003;10346;1618,88
USA;Peacock;08/11/2003;10347;814,42
USA;Fuller;11/11/2003;10345;2924,80
UK;King;15/11/2003;10349;141,60
USA;Peacock;15/11/2003;10348;363,60
USA;Leverling;18/11/2003;10352;136,30
USA;Callahan;20/11/2003;10354;568,80
USA;Davolio;20/11/2003;10351;5398,72
UK;Suyama;20/11/2003;10355;480,00
UK;King;25/11/2003;10353;8593,28
UK;Buchanan;26/11/2003;10359;3471,68
UK;Buchanan;27/11/2003;10358;429,40
UK;Suyama;27/11/2003;10356;1106,40
USA;Leverling;28/11/2003;10362;1549,60
USA;Davolio;02/12/2003;10357;1167,68
USA;Fuller;02/12/2003;10368;1689,78
UK;King;02/12/2003;10367;834,20
USA;Leverling;02/12/2003;10365;403,20
USA;Peacock;02/12/2003;10360;7390,20
USA;Davolio;03/12/2003;10361;2046,24
UK;Suyama;03/12/2003;10350;642,06
USA;Davolio;04/12/2003;10364;950,00
USA;Peacock;04/12/2003;10363;447,20
UK;Buchanan;09/12/2003;10372;9210,90
USA;Callahan;09/12/2003;10369;2390,40
USA;Davolio;09/12/2003;10374;459,00
USA;Leverling;09/12/2003;10375;338,00
USA;Peacock;11/12/2003;10373;1366,40
USA;Davolio;13/12/2003;10376;399,00
USA;Davolio;13/12/2003;10377;863,60
USA;Fuller;13/12/2003;10379;863,28
USA;Leverling;13/12/2003;10381;112,00
USA;Peacock;16/12/2003;10382;2900,00
USA;Callahan;18/12/2003;10383;899,00
UK;Buchanan;19/12/2003;10378;103,20
USA;Davolio;20/12/2003;10387;1058,40
USA;Fuller;20/12/2003;10388;1228,80
USA;Leverling;20/12/2003;10384;2222,40
USA;Davolio;23/12/2003;10385;691,20
USA;Davolio;24/12/2003;10371;72,96
USA;Peacock;24/12/2003;10389;1832,80
UK;Dodsworth;25/12/2003;10386;166,00
UK;Suyama;26/12/2003;10390;2090,88
UK;Suyama;27/12/2003;10370;1117,60
USA;Callahan;30/12/2003;10366;136,00
USA;Leverling;31/12/2003;10391;86,40
USA;Fuller;01/01/2004;10392;1440,00
UK;Buchanan;02/01/2004;10397;716,72
UK;Dodsworth;02/01/2004;10771;344,00
USA;Davolio;03/01/2004;10393;2556,95
USA;Davolio;03/01/2004;10394;442,00
UK;Suyama;03/01/2004;10395;2122,92
USA;Davolio;06/01/2004;10396;1903,80
USA;Callahan;08/01/2004;10399;1765,60
USA;Fuller;08/01/2004;10404;1591,25
USA;Fuller;09/01/2004;10398;2505,60
USA;Peacock;09/01/2004;10403;855,01
USA;Callahan;10/01/2004;10402;2713,50
USA;Davolio;10/01/2004;10401;3868,60
UK;King;13/01/2004;10406;1830,78
USA;Callahan;14/01/2004;10408;1622,40
USA;Leverling;14/01/2004;10409;319,20
USA;Callahan;15/01/2004;10412;334,80
USA;Leverling;15/01/2004;10410;802,00
USA;Callahan;16/01/2004;10380;1313,82
USA;Davolio;16/01/2004;10400;3063,00
USA;Leverling;16/01/2004;10413;2123,20
USA;Fuller;17/01/2004;10414;224,83
UK;Dodsworth;21/01/2004;10411;966,80
USA;Davolio;22/01/2004;10405;400,00
USA;Leverling;24/01/2004;10415;102,40
USA;Peacock;24/01/2004;10418;1814,80
USA;Callahan;27/01/2004;10416;720,00
USA;Callahan;27/01/2004;10421;1194,27
UK;King;27/01/2004;10424;9194,56
USA;Leverling;27/01/2004;10420;1707,84
USA;Peacock;28/01/2004;10417;11188,40
USA;Fuller;30/01/2004;10407;1194,00
USA;Peacock;30/01/2004;10419;2097,60
USA;Fuller;31/01/2004;10422;49,80
USA;Peacock;03/02/2004;10430;4899,20
UK;King;04/02/2004;10428;192,00
USA;Peacock;06/02/2004;10426;338,20
USA;Callahan;07/02/2004;10435;631,60
USA;Leverling;07/02/2004;10429;1441,37
USA;Leverling;07/02/2004;10432;485,00
USA;Peacock;07/02/2004;10431;1892,25
UK;Suyama;10/02/2004;10439;1078,00
USA;Leverling;11/02/2004;10436;1994,52
USA;Callahan;12/02/2004;10437;393,00
USA;Leverling;13/02/2004;10434;321,12
USA;Callahan;14/02/2004;10443;517,44
USA;Leverling;14/02/2004;10438;454,00
UK;Suyama;14/02/2004;10425;360,00
USA;Leverling;18/02/2004;10442;1792,00
UK;Suyama;19/02/2004;10446;246,24
USA;Leverling;20/02/2004;10445;174,90
USA;Leverling;21/02/2004;10444;1031,70
USA;Peacock;24/02/2004;10448;443,40
UK;Suyama;24/02/2004;10423;1020,00
USA;Peacock;25/02/2004;10454;331,20
USA;Callahan;26/02/2004;10452;2018,50
USA;Davolio;26/02/2004;10453;407,70
USA;Leverling;27/02/2004;10449;1838,20
USA;Callahan;28/02/2004;10456;557,60
USA;Peacock;28/02/2004;10440;4924,13
USA;Peacock;28/02/2004;10459;1659,20
USA;Callahan;03/03/2004;10455;2684,00
USA;Callahan;03/03/2004;10460;176,10
USA;Fuller;03/03/2004;10457;1584,00
USA;Peacock;03/03/2004;10427;651,00
UK;King;04/03/2004;10458;3891,00
USA;Leverling;04/03/2004;10433;851,20
USA;Davolio;05/03/2004;10461;1538,70
UK;Buchanan;06/03/2004;10463;713,30
USA;Peacock;07/03/2004;10447;914,40
USA;Callahan;11/03/2004;10450;425,12
USA;Callahan;11/03/2004;10467;235,20
USA;Leverling;12/03/2004;10468;717,60
USA;Peacock;12/03/2004;10451;3849,66
USA;Peacock;13/03/2004;10466;216,00
USA;Davolio;14/03/2004;10465;2518,00
USA;Davolio;14/03/2004;10469;956,67
USA;Leverling;14/03/2004;10441;1755,00
USA;Peacock;14/03/2004;10464;1609,28
USA;Peacock;14/03/2004;10470;1820,80
USA;Fuller;18/03/2004;10462;156,00
USA;Fuller;18/03/2004;10471;1328,00
USA;Callahan;19/03/2004;10472;1036,80
UK;Buchanan;21/03/2004;10474;1249,10
USA;Davolio;21/03/2004;10473;230,40
USA;Leverling;21/03/2004;10479;10495,60
USA;Callahan;24/03/2004;10476;180,48
UK;Suyama;24/03/2004;10480;756,00
UK;Buchanan;25/03/2004;10477;558,00
USA;Callahan;25/03/2004;10481;1472,00
USA;Fuller;26/03/2004;10478;471,20
USA;Fuller;28/03/2004;10487;889,70
USA;Peacock;31/03/2004;10485;1584,00
USA;Leverling;01/04/2004;10484;386,20
USA;Callahan;02/04/2004;10488;1512,00
USA;Davolio;02/04/2004;10486;1272,00
UK;King;03/04/2004;10490;3163,20
UK;Dodsworth;04/04/2004;10475;1505,18
UK;King;07/04/2004;10496;190,00
UK;King;07/04/2004;10497;1380,60
USA;Callahan;08/04/2004;10491;259,50
USA;Peacock;09/04/2004;10494;912,00
UK;Suyama;09/04/2004;10489;439,20
USA;Davolio;10/04/2004;10482;147,00
USA;Peacock;10/04/2004;10493;608,40
USA;Callahan;11/04/2004;10498;575,00
USA;Leverling;11/04/2004;10492;851,20
USA;Leverling;11/04/2004;10495;278,00
UK;Dodsworth;16/04/2004;10501;149,00
USA;Peacock;16/04/2004;10499;1412,00
UK;Suyama;16/04/2004;10503;2048,50
UK;Suyama;17/04/2004;10500;523,26
USA;Peacock;18/04/2004;10504;1388,50
USA;Leverling;21/04/2004;10505;147,90
USA;Peacock;21/04/2004;10511;2550,00
UK;King;22/04/2004;10507;749,06
UK;King;24/04/2004;10512;525,30
UK;King;25/04/2004;10483;668,80
UK;King;28/04/2004;10513;1942,00
UK;Suyama;28/04/2004;10510;4707,54
USA;Fuller;29/04/2004;10502;816,30
USA;Leverling;29/04/2004;10517;352,00
USA;Peacock;29/04/2004;10509;136,80
USA;Fuller;01/05/2004;10516;2381,05
UK;King;01/05/2004;10520;200,00
UK;Suyama;01/05/2004;10519;2314,20
USA;Callahan;02/05/2004;10521;225,50
UK;Dodsworth;02/05/2004;10506;415,80
USA;Peacock;05/05/2004;10518;4150,05
USA;Peacock;06/05/2004;10522;2318,24
USA;Davolio;07/05/2004;10524;3192,65
UK;King;07/05/2004;10527;1503,00
UK;Buchanan;09/05/2004;10529;946,00
UK;Suyama;09/05/2004;10528;392,20
UK;King;12/05/2004;10532;796,35
USA;Leverling;12/05/2004;10530;4180,00
USA;Davolio;13/05/2004;10508;240,00
USA;Callahan;14/05/2004;10534;465,70
USA;Peacock;15/05/2004;10526;1151,40
UK;Dodsworth;16/05/2004;10538;139,80
USA;Leverling;16/05/2004;10514;8623,45
USA;Davolio;19/05/2004;10537;1823,80
UK;King;19/05/2004;10531;110,00
USA;Peacock;21/05/2004;10535;1940,85
USA;Callahan;22/05/2004;10533;2222,20
USA;Callahan;23/05/2004;10543;1504,50
USA;Davolio;23/05/2004;10525;818,40
USA;Fuller;23/05/2004;10515;9921,30
UK;Suyama;23/05/2004;10539;355,50
USA;Davolio;26/05/2004;10542;469,11
USA;Davolio;27/05/2004;10546;2812,00
USA;Fuller;29/05/2004;10541;1946,52
UK;Buchanan;30/05/2004;10549;3554,27
UK;King;30/05/2004;10523;2444,31
USA;Peacock;30/05/2004;10544;417,20
USA;Leverling;02/06/2004;10547;1792,80
USA;Leverling;02/06/2004;10548;240,10
USA;Fuller;03/06/2004;10553;1546,30
UK;Suyama;04/06/2004;10555;2944,40
USA;Fuller;05/06/2004;10552;880,50
USA;Peacock;05/06/2004;10554;1728,52
UK;Dodsworth;06/06/2004;10557;1152,50
UK;King;06/06/2004;10550;683,30
USA;Leverling;06/06/2004;10536;1645,00
USA;Peacock;06/06/2004;10551;1677,30
USA;Callahan;09/06/2004;10560;1072,42
USA;Fuller;09/06/2004;10561;2844,50
USA;Davolio;10/06/2004;10558;2142,90
USA;Davolio;12/06/2004;10562;488,70
USA;Fuller;13/06/2004;10556;835,20
USA;Leverling;13/06/2004;10540;10191,70
UK;Suyama;13/06/2004;10559;520,41
USA;Peacock;16/06/2004;10564;1234,05
USA;Davolio;17/06/2004;10567;2519,00
USA;Callahan;18/06/2004;10565;639,90
UK;Dodsworth;18/06/2004;10566;1761,00
USA;Leverling;19/06/2004;10570;2465,25
UK;King;20/06/2004;10573;2082,00
USA;Fuller;24/06/2004;10563;965,00
USA;Leverling;25/06/2004;10572;1501,08
USA;Callahan;26/06/2004;10545;210,00
UK;Buchanan;30/06/2004;10575;2147,40
UK;Dodsworth;30/06/2004;10577;569,00
USA;Leverling;30/06/2004;10576;838,45
USA;Peacock;30/06/2004;10574;764,30
USA;Peacock;01/07/2004;10580;1013,74
USA;Leverling;02/07/2004;10581;310,00
USA;Callahan;04/07/2004;10571;550,59
USA;Davolio;04/07/2004;10579;317,75
USA;Fuller;04/07/2004;10583;2237,50
USA;Peacock;04/07/2004;10584;593,75
USA;Davolio;09/07/2004;10587;807,38
UK;Dodsworth;09/07/2004;10586;23,80
USA;Leverling;09/07/2004;10568;155,00
USA;Fuller;10/07/2004;10588;3120,00
UK;King;10/07/2004;10585;142,50
UK;Buchanan;11/07/2004;10569;890,00
USA;Callahan;14/07/2004;10589;72,00
USA;Fuller;14/07/2004;10595;4725,00
USA;Leverling;14/07/2004;10582;330,00
USA;Peacock;14/07/2004;10590;1101,00
USA;Davolio;16/07/2004;10591;812,50
USA;Leverling;16/07/2004;10592;516,46
USA;Leverling;16/07/2004;10594;565,50
USA;Davolio;18/07/2004;10598;2388,50
UK;King;18/07/2004;10597;718,08
USA;Peacock;21/07/2004;10600;479,80
UK;Suyama;21/07/2004;10599;493,00
USA;Callahan;22/07/2004;10602;48,75
UK;King;22/07/2004;10601;2285,00
UK;Buchanan;25/07/2004;10607;6475,40
USA;Peacock;25/07/2004;10578;477,00
USA;Davolio;29/07/2004;10604;230,85
USA;Davolio;29/07/2004;10605;4109,69
UK;King;30/07/2004;10609;424,00
USA;Peacock;31/07/2004;10606;1130,40
USA;Callahan;01/08/2004;10614;464,00
USA;Davolio;01/08/2004;10612;6375,00
USA;Peacock;01/08/2004;10608;1064,00
USA;Peacock;01/08/2004;10613;353,20
UK;Suyama;01/08/2004;10611;808,00
USA;Peacock;04/08/2004;10617;1402,50
USA;Davolio;05/08/2004;10616;4806,99
USA;Callahan;06/08/2004;10610;299,25
USA;Fuller;06/08/2004;10615;120,00
USA;Leverling;07/08/2004;10619;1260,00
USA;Callahan;08/08/2004;10603;1483,00
USA;Davolio;08/08/2004;10618;2697,50
USA;Peacock;11/08/2004;10621;758,50
USA;Peacock;11/08/2004;10622;560,00
USA;Callahan;12/08/2004;10596;1180,88
USA;Callahan;12/08/2004;10623;1336,95
UK;King;13/08/2004;10593;1994,40
USA;Fuller;14/08/2004;10620;57,50
USA;Leverling;14/08/2004;10625;479,75
USA;Callahan;15/08/2004;10631;55,80
UK;King;18/08/2004;10633;5510,59
USA;Callahan;19/08/2004;10632;589,00
USA;Davolio;19/08/2004;10630;903,60
USA;Peacock;19/08/2004;10624;1393,24
USA;Davolio;20/08/2004;10626;1503,60
USA;Peacock;20/08/2004;10628;450,00
USA;Peacock;20/08/2004;10629;2775,05
USA;Callahan;21/08/2004;10627;1185,75
USA;Callahan;21/08/2004;10635;1326,22
USA;Peacock;21/08/2004;10634;4985,50
USA;Peacock;26/08/2004;10636;629,50
USA;Peacock;26/08/2004;10641;2054,00
UK;Suyama;26/08/2004;10637;2761,94
UK;King;27/08/2004;10639;500,00
USA;Peacock;28/08/2004;10640;708,75
UK;Buchanan;29/08/2004;10649;1434,00
USA;Leverling;01/09/2004;10638;2720,05
USA;Leverling;01/09/2004;10644;1371,80
USA;Peacock;02/09/2004;10645;1535,00
UK;Suyama;02/09/2004;10643;814,50
UK;Buchanan;03/09/2004;10650;1779,20
UK;Dodsworth;03/09/2004;10646;1446,00
USA;Peacock;03/09/2004;10647;636,00
UK;King;05/09/2004;10642;696,00
USA;Peacock;08/09/2004;10652;318,84
USA;Peacock;08/09/2004;10658;4464,60
UK;Buchanan;09/09/2004;10648;372,37
UK;King;10/09/2004;10659;1227,02
UK;Suyama;10/09/2004;10656;604,21
UK;Buchanan;11/09/2004;10654;601,83
USA;Callahan;11/09/2004;10651;397,80
USA;Davolio;11/09/2004;10655;154,40
USA;Fuller;15/09/2004;10657;4371,60
UK;King;15/09/2004;10661;562,60
USA;Davolio;17/09/2004;10665;1295,00
USA;Leverling;18/09/2004;10662;125,00
USA;Peacock;18/09/2004;10670;2301,75
USA;Davolio;19/09/2004;10653;1083,15
USA;Davolio;19/09/2004;10664;1288,39
USA;Fuller;19/09/2004;10673;412,35
UK;King;19/09/2004;10667;1536,80
USA;Fuller;22/09/2004;10669;570,00
UK;King;22/09/2004;10666;4666,94
UK;Buchanan;23/09/2004;10675;1423,00
USA;Davolio;23/09/2004;10668;625,27
USA;Davolio;24/09/2004;10671;920,10
USA;Davolio;26/09/2004;10677;813,36
USA;Davolio;26/09/2004;10680;1261,88
UK;Dodsworth;26/09/2004;10672;3815,25
USA;Fuller;29/09/2004;10676;534,85
USA;Callahan;30/09/2004;10679;660,00
USA;Leverling;30/09/2004;10681;1287,40
USA;Leverling;30/09/2004;10684;1768,00
USA;Peacock;30/09/2004;10674;45,00
USA;Fuller;01/10/2004;10683;63,00
USA;Leverling;01/10/2004;10682;375,50
USA;Davolio;03/10/2004;10690;862,50
USA;Fuller;03/10/2004;10663;1930,40
USA;Peacock;03/10/2004;10685;801,10
USA;Davolio;07/10/2004;10689;472,50
USA;Peacock;07/10/2004;10688;3160,60
USA;Fuller;08/10/2004;10686;1404,45
USA;Callahan;09/10/2004;10694;4825,00
USA;Leverling;10/10/2004;10693;2071,20
USA;Leverling;13/10/2004;10699;114,00
USA;Peacock;13/10/2004;10692;878,00
USA;Callahan;14/10/2004;10696;996,00
UK;King;14/10/2004;10695;642,00
USA;Leverling;14/10/2004;10697;805,43
USA;Callahan;15/10/2004;10660;1701,00
UK;Suyama;15/10/2004;10701;2864,50
UK;King;16/10/2004;10678;5256,50
USA;Leverling;16/10/2004;10700;1638,40
USA;Peacock;17/10/2004;10698;3436,45
UK;Suyama;20/10/2004;10703;2545,00
USA;Callahan;21/10/2004;10706;1893,00
USA;Peacock;21/10/2004;10702;330,00
USA;Fuller;22/10/2004;10691;10164,80
USA;Davolio;23/10/2004;10710;93,50
USA;Peacock;23/10/2004;10707;1641,00
USA;Davolio;24/10/2004;10713;2827,90
UK;Buchanan;27/10/2004;10714;2205,75
USA;Peacock;27/10/2004;10716;706,00
UK;Buchanan;29/10/2004;10711;4451,70
USA;Davolio;29/10/2004;10717;1270,75
USA;Davolio;29/10/2004;10718;3463,00
USA;Leverling;29/10/2004;10715;1296,00
UK;Dodsworth;30/10/2004;10687;4960,90
UK;Buchanan;31/10/2004;10721;923,87
USA;Leverling;31/10/2004;10712;1233,48
USA;Callahan;04/11/2004;10722;1570,00
USA;Callahan;05/11/2004;10719;844,25
USA;Callahan;05/11/2004;10720;550,00
USA;Callahan;05/11/2004;10724;638,50
USA;Peacock;05/11/2004;10725;287,80
UK;Suyama;05/11/2004;10708;180,40
USA;Leverling;07/11/2004;10732;360,00
UK;Suyama;07/11/2004;10704;595,50
USA;Davolio;10/11/2004;10733;1459,00
USA;Peacock;11/11/2004;10728;1296,75
USA;Fuller;12/11/2004;10734;1498,35
UK;Buchanan;14/11/2004;10730;484,25
USA;Callahan;14/11/2004;10729;1850,00
UK;King;14/11/2004;10731;1890,50
USA;Leverling;17/11/2004;10739;240,00
UK;Dodsworth;18/11/2004;10705;378,00
USA;Fuller;18/11/2004;10737;139,80
USA;Fuller;18/11/2004;10738;52,35
USA;Leverling;18/11/2004;10742;3118,00
USA;Peacock;18/11/2004;10741;228,00
USA;Davolio;20/11/2004;10709;3424,00
USA;Davolio;21/11/2004;10743;319,20
USA;Davolio;21/11/2004;10746;2311,70
UK;Dodsworth;21/11/2004;10736;997,00
UK;Suyama;21/11/2004;10735;536,40
UK;Dodsworth;24/11/2004;10750;1590,56
UK;Suyama;24/11/2004;10744;736,00
USA;Leverling;25/11/2004;10723;468,45
USA;Peacock;25/11/2004;10740;1416,00
UK;Suyama;26/11/2004;10747;1912,85
UK;Dodsworth;27/11/2004;10745;4529,80
USA;Leverling;27/11/2004;10753;88,00
UK;Suyama;27/11/2004;10754;55,20
USA;Fuller;28/11/2004;10752;252,00
USA;Leverling;28/11/2004;10748;2196,00
USA;Peacock;28/11/2004;10755;1948,50
USA;Callahan;02/12/2004;10756;1990,00
USA;Leverling;03/12/2004;10751;1631,48
USA;Leverling;04/12/2004;10758;1644,60
USA;Fuller;05/12/2004;10727;1624,50
USA;Peacock;05/12/2004;10726;655,00
UK;Buchanan;08/12/2004;10761;507,00
USA;Leverling;08/12/2004;10763;616,00
UK;Suyama;08/12/2004;10764;2286,00
USA;Leverling;09/12/2004;10762;4337,00
USA;Leverling;09/12/2004;10765;1515,60
USA;Peacock;09/12/2004;10766;2310,00
USA;Peacock;10/12/2004;10760;2917,00
USA;Leverling;12/12/2004;10759;320,00
USA;Leverling;12/12/2004;10769;1684,27
USA;Peacock;12/12/2004;10774;868,75
USA;Leverling;15/12/2004;10768;1477,00
USA;Peacock;15/12/2004;10767;28,00
UK;Suyama;15/12/2004;10757;3082,00
USA;Davolio;16/12/2004;10773;2030,40
USA;Callahan;17/12/2004;10770;236,25
USA;Davolio;18/12/2004;10776;6635,27
USA;Fuller;19/12/2004;10781;975,88
USA;Leverling;19/12/2004;10772;3603,22
USA;Peacock;19/12/2004;10749;1080,00
USA;Peacock;19/12/2004;10783;1442,50
UK;Dodsworth;22/12/2004;10782;12,50
USA;Peacock;22/12/2004;10784;1488,00
USA;Callahan;23/12/2004;10786;1531,08
USA;Davolio;24/12/2004;10785;387,50
USA;Leverling;24/12/2004;10778;96,50
USA;Fuller;25/12/2004;10780;720,00
USA;Fuller;26/12/2004;10787;2622,76
UK;King;26/12/2004;10775;228,00
UK;Suyama;26/12/2004;10790;722,50
USA;Davolio;31/12/2004;10789;3687,00
USA;Davolio;31/12/2004;10792;399,85
USA;Peacock;31/12/2004;10801;3026,85
UK;Suyama;01/01/2005;10791;1829,76
USA;Peacock;02/01/2005;10802;2942,81
UK;Suyama;02/01/2005;10794;314,76
USA;Davolio;05/01/2005;10800;1468,93
UK;Dodsworth;05/01/2005;10799;1553,50
USA;Fuller;05/01/2005;10798;446,60
UK;King;05/01/2005;10797;420,00
USA;Leverling;05/01/2005;10806;439,60
USA;Peacock;06/01/2005;10803;1193,01
USA;Fuller;07/01/2005;10810;187,00
UK;King;07/01/2005;10809;140,00
UK;Suyama;07/01/2005;10804;2278,40
USA;Callahan;08/01/2005;10811;852,00
USA;Leverling;08/01/2005;10793;191,10
USA;Davolio;09/01/2005;10813;602,40
USA;Fuller;09/01/2005;10805;2775,00
USA;Fuller;09/01/2005;10808;1411,00
UK;Buchanan;12/01/2005;10812;1692,80
UK;King;12/01/2005;10818;833,00
UK;Buchanan;13/01/2005;10823;2826,00
USA;Leverling;13/01/2005;10817;10952,84
USA;Leverling;13/01/2005;10820;1140,00
USA;Davolio;14/01/2005;10825;1030,76
USA;Fuller;14/01/2005;10815;40,00
USA;Leverling;14/01/2005;10779;1335,00
USA;Leverling;14/01/2005;10796;2341,36
USA;Leverling;14/01/2005;10814;1788,45
USA;Davolio;15/01/2005;10821;678,00
USA;Fuller;16/01/2005;10819;477,00
UK;Suyama;16/01/2005;10822;237,90
USA;Davolio;19/01/2005;10788;731,50
USA;Davolio;19/01/2005;10834;1432,71
USA;Fuller;19/01/2005;10832;475,11
USA;Callahan;20/01/2005;10795;2158,00
USA;Davolio;21/01/2005;10835;845,80
UK;King;21/01/2005;10777;224,00
UK;King;21/01/2005;10836;4705,50
USA;Peacock;21/01/2005;10830;1974,00
USA;Leverling;22/01/2005;10839;827,55
UK;Dodsworth;23/01/2005;10829;1764,00
UK;Dodsworth;23/01/2005;10837;1064,50
USA;Fuller;23/01/2005;10846;1112,00
USA;Leverling;23/01/2005;10831;2684,40
USA;Leverling;23/01/2005;10838;1938,38
UK;Suyama;23/01/2005;10833;906,93
USA;Callahan;26/01/2005;10844;735,00
USA;Peacock;26/01/2005;10843;159,00
UK;Buchanan;29/01/2005;10841;4581,00
USA;Davolio;29/01/2005;10842;975,00
UK;King;29/01/2005;10848;931,50
USA;Callahan;30/01/2005;10824;250,80
USA;Callahan;30/01/2005;10845;3812,70
USA;Callahan;30/01/2005;10852;2984,00
USA;Davolio;30/01/2005;10850;629,00
UK;Dodsworth;30/01/2005;10849;967,82
USA;Peacock;30/01/2005;10807;18,40
UK;Buchanan;02/02/2005;10851;2603,00
USA;Callahan;02/02/2005;10862;581,00
USA;Davolio;02/02/2005;10859;1078,69
UK;Dodsworth;03/02/2005;10853;625,00
USA;Fuller;03/02/2005;10858;649,00
UK;Dodsworth;04/02/2005;10828;932,00
USA;Leverling;04/02/2005;10855;2227,89
USA;Leverling;04/02/2005;10860;519,00
USA;Peacock;04/02/2005;10816;8446,45
USA;Leverling;05/02/2005;10854;2966,50
USA;Callahan;06/02/2005;10857;2048,22
USA;Davolio;06/02/2005;10827;843,00
UK;Suyama;06/02/2005;10826;730,00
UK;Buchanan;09/02/2005;10869;1630,00
UK;Buchanan;09/02/2005;10872;2058,46
USA;Peacock;09/02/2005;10864;282,00
USA;Peacock;09/02/2005;10873;336,80
UK;Dodsworth;10/02/2005;10871;1979,23
USA;Leverling;10/02/2005;10856;660,00
USA;Peacock;10/02/2005;10847;4931,92
UK;Buchanan;11/02/2005;10874;310,00
UK;Suyama;11/02/2005;10867;98,40
UK;Buchanan;12/02/2005;10866;1096,20
USA;Fuller;12/02/2005;10865;16387,50
UK;King;12/02/2005;10876;917,00
USA;Leverling;12/02/2005;10879;611,30
USA;Peacock;12/02/2005;10878;1539,00
UK;Buchanan;13/02/2005;10870;160,00
USA;Peacock;13/02/2005;10884;1378,07
USA;Callahan;16/02/2005;10887;70,00
USA;Peacock;16/02/2005;10840;211,20
USA;Peacock;17/02/2005;10861;3523,40
USA;Peacock;17/02/2005;10863;441,15
UK;King;18/02/2005;10880;1500,00
UK;King;18/02/2005;10890;860,10
USA;Peacock;18/02/2005;10881;150,00
UK;Suyama;18/02/2005;10885;1209,00
USA;Davolio;19/02/2005;10877;1955,13
UK;King;19/02/2005;10891;368,93
USA;Peacock;19/02/2005;10892;2090,00
USA;Callahan;20/02/2005;10883;36,00
USA;Davolio;20/02/2005;10894;2753,10
UK;Dodsworth;20/02/2005;10893;5502,11
USA;Peacock;20/02/2005;10882;892,64
USA;Davolio;23/02/2005;10888;605,00
UK;Dodsworth;23/02/2005;10889;11380,00
UK;King;23/02/2005;10868;1920,60
USA;Leverling;23/02/2005;10895;6379,40
USA;Leverling;25/02/2005;10897;10835,24
UK;Buchanan;26/02/2005;10899;122,40
USA;Peacock;26/02/2005;10901;934,50
UK;King;27/02/2005;10896;750,50
USA;Leverling;27/02/2005;10904;1924,25
UK;Suyama;27/02/2005;10907;108,50
USA;Davolio;02/03/2005;10886;3127,50
USA;Fuller;02/03/2005;10915;539,50
UK;Suyama;02/03/2005;10914;537,50
USA;Davolio;03/03/2005;10902;863,43
USA;Peacock;03/03/2005;10875;709,55
USA;Peacock;03/03/2005;10906;427,50
USA;Davolio;04/03/2005;10900;33,75
USA;Davolio;04/03/2005;10910;452,90
USA;Fuller;04/03/2005;10919;1122,80
USA;Leverling;04/03/2005;10903;932,05
USA;Peacock;04/03/2005;10913;768,75
UK;Buchanan;05/03/2005;10922;742,50
USA;Leverling;05/03/2005;10911;858,00
UK;Dodsworth;06/03/2005;10905;342,00
USA;Peacock;06/03/2005;10898;30,00
USA;Peacock;06/03/2005;10908;663,10
USA;Davolio;09/03/2005;10916;686,70
USA;Davolio;09/03/2005;10921;1936,00
USA;Peacock;09/03/2005;10920;390,00
USA;Davolio;10/03/2005;10909;670,00
USA;Leverling;11/03/2005;10918;1447,50
USA;Peacock;11/03/2005;10917;365,89
USA;Peacock;11/03/2005;10926;514,40
USA;Leverling;12/03/2005;10934;500,00
UK;Suyama;12/03/2005;10929;1174,75
USA;Fuller;13/03/2005;10939;637,50
UK;King;13/03/2005;10923;748,80
UK;King;13/03/2005;10937;644,80
USA;Leverling;13/03/2005;10925;475,15
UK;Suyama;13/03/2005;10944;1025,33
USA;Leverling;16/03/2005;10938;2731,87
USA;Leverling;16/03/2005;10947;220,00
UK;Suyama;16/03/2005;10933;920,60
USA;Fuller;17/03/2005;10949;4422,00
USA;Davolio;18/03/2005;10928;137,50
UK;Dodsworth;18/03/2005;10942;560,00
USA;Fuller;18/03/2005;10912;6200,55
USA;Leverling;18/03/2005;10936;456,00
USA;Peacock;18/03/2005;10930;2255,50
USA;Peacock;18/03/2005;10935;619,50
USA;Peacock;18/03/2005;10945;245,00
USA;Davolio;19/03/2005;10946;1407,50
USA;Leverling;19/03/2005;10948;2362,25
USA;Peacock;19/03/2005;10931;799,20
USA;Peacock;19/03/2005;10943;711,00
UK;Buchanan;20/03/2005;10954;1659,53
USA;Callahan;20/03/2005;10955;74,40
UK;King;20/03/2005;10941;4011,75
UK;Suyama;20/03/2005;10956;677,00
USA;Callahan;23/03/2005;10940;360,00
USA;Callahan;23/03/2005;10962;3584,00
USA;Davolio;23/03/2005;10950;110,00
UK;Suyama;23/03/2005;10959;131,75
USA;Callahan;24/03/2005;10932;1788,63
USA;Davolio;24/03/2005;10952;471,20
USA;Leverling;24/03/2005;10964;2052,50
UK;Dodsworth;25/03/2005;10953;4441,25
UK;Dodsworth;26/03/2005;10963;57,80
USA;Peacock;26/03/2005;10972;251,50
USA;Callahan;27/03/2005;10957;1762,70
USA;Davolio;27/03/2005;10975;717,50
UK;King;27/03/2005;10958;781,00
UK;Suyama;27/03/2005;10973;291,55
USA;Callahan;30/03/2005;10961;1119,90
USA;Davolio;30/03/2005;10969;108,00
UK;Suyama;30/03/2005;10965;848,00
USA;Callahan;31/03/2005;10979;4813,50
USA;Davolio;01/04/2005;10968;1408,00
USA;Davolio;02/04/2005;10981;15810,00
USA;Fuller;02/04/2005;10967;910,40
USA;Fuller;02/04/2005;10971;1733,06
USA;Fuller;02/04/2005;10985;2023,38
USA;Fuller;02/04/2005;10989;1353,60
USA;Davolio;03/04/2005;10976;912,00
USA;Davolio;03/04/2005;10984;1809,75
USA;Davolio;03/04/2005;10992;69,60
USA;Leverling;03/04/2005;10974;439,00
USA;Callahan;06/04/2005;10987;2772,00
USA;Davolio;06/04/2005;10995;1196,00
USA;Fuller;06/04/2005;10983;720,90
USA;Davolio;07/04/2005;10991;2296,00
UK;Dodsworth;07/04/2005;10951;458,74
USA;Fuller;07/04/2005;10990;4288,85
USA;Fuller;08/04/2005;10982;1014,00
USA;Leverling;08/04/2005;10924;1835,70
USA;Leverling;08/04/2005;10960;265,35
USA;Leverling;08/04/2005;11003;326,00
USA;Peacock;08/04/2005;10927;800,00
USA;Peacock;08/04/2005;10966;1098,46
USA;Fuller;09/04/2005;10994;940,50
USA;Callahan;10/04/2005;10977;2233,00
USA;Fuller;10/04/2005;11005;586,00
USA;Fuller;10/04/2005;11009;616,50
USA;Fuller;10/04/2005;11013;361,00
UK;King;10/04/2005;10993;4895,44
USA;Leverling;10/04/2005;10988;3574,80
USA;Peacock;10/04/2005;10996;560,00
UK;Suyama;10/04/2005;10999;1197,95
USA;Callahan;13/04/2005;10997;1885,00
USA;Callahan;13/04/2005;11007;2633,90
UK;Dodsworth;13/04/2005;11016;491,50
USA;Leverling;13/04/2005;11011;933,50
USA;Fuller;14/04/2005;11000;903,75
USA;Fuller;14/04/2005;11001;2769,00
USA;Fuller;15/04/2005;11014;243,18
USA;Leverling;15/04/2005;11006;329,69
USA;Fuller;16/04/2005;11020;632,40
USA;Peacock;16/04/2005;11002;1811,10
USA;Peacock;16/04/2005;11018;1575,00
USA;Callahan;17/04/2005;10998;686,00
USA;Davolio;17/04/2005;11012;2825,30
USA;Peacock;17/04/2005;10980;248,00
USA;Davolio;20/04/2005;11027;877,72
UK;Dodsworth;20/04/2005;11017;6750,00
USA;Fuller;20/04/2005;11015;622,35
USA;Leverling;20/04/2005;11004;295,38
USA;Peacock;20/04/2005;11024;1966,81
USA;Callahan;21/04/2005;10986;2220,00
USA;Fuller;21/04/2005;11010;645,00
USA;Leverling;21/04/2005;11021;6306,24
USA;Callahan;22/04/2005;11036;1692,00
USA;Fuller;22/04/2005;11028;2160,00
UK;Dodsworth;23/04/2005;10978;1303,19
USA;Fuller;23/04/2005;11032;8902,50
UK;King;23/04/2005;11033;3232,80
USA;Callahan;24/04/2005;11046;1485,80
USA;Davolio;24/04/2005;11023;1500,00
UK;Dodsworth;24/04/2005;10970;224,00
USA;Fuller;24/04/2005;11035;1754,50
UK;Suyama;24/04/2005;11025;270,00
UK;Suyama;24/04/2005;11031;2393,50
USA;Callahan;27/04/2005;11034;539,40
UK;King;27/04/2005;11030;12615,05
UK;King;27/04/2005;11037;60,00
USA;Peacock;27/04/2005;11029;1286,80
USA;Leverling;28/04/2005;11041;1773,00
USA;Peacock;28/04/2005;11026;1030,00
UK;Buchanan;29/04/2005;11043;210,00
USA;Fuller;29/04/2005;11053;3055,00
USA;Davolio;30/04/2005;11038;732,60
UK;King;30/04/2005;11048;525,00
USA;Callahan;01/05/2005;11056;3740,00
USA;Fuller;01/05/2005;11042;405,75
UK;King;01/05/2005;11047;817,87
USA;Leverling;01/05/2005;11052;1332,00
USA;Leverling;01/05/2005;11057;45,00
USA;Peacock;01/05/2005;11044;591,60
